<duplicaterule uniquename="dr9f7721535fba55e00d801e2624deae08cc58c3a86745a572f31d2309ce631fc6">
  <baseentityname>cmpp_case</baseentityname>
  <excludeinactiverecords>0</excludeinactiverecords>
  <iscasesensitive>0</iscasesensitive>
  <iscustomizable>1</iscustomizable>
  <matchingentityname>cmpp_case</matchingentityname>
  <name>Duplicate Detection For A Number and Location</name>
  <duplicateruleconditions>
    <duplicaterulecondition baseattributename="cmpp_anumber" matchingattributename="cmpp_anumber" operatorcode="0" uniquerulename="dr9f7721535fba55e00d801e2624deae08cc58c3a86745a572f31d2309ce631fc6">
      <ignoreblankvalues>0</ignoreblankvalues>
      <iscustomizable>1</iscustomizable>
    </duplicaterulecondition>
    <duplicaterulecondition baseattributename="cmpp_locationid" matchingattributename="cmpp_locationid" operatorcode="0" uniquerulename="dr9f7721535fba55e00d801e2624deae08cc58c3a86745a572f31d2309ce631fc6">
      <ignoreblankvalues>0</ignoreblankvalues>
      <iscustomizable>1</iscustomizable>
    </duplicaterulecondition>
  </duplicateruleconditions>
</duplicaterule>