<ImportExportXml version="9.2.24112.228" SolutionPackageVersion="9.2" languagecode="1033" generatedBy="CrmLive" xmlns:xsi="http://www.w3.org/2001/XMLSchema-instance" OrganizationVersion="9.2.24112.228" OrganizationSchemaType="Full" CRMServerServiceabilityVersion="9.2.24112.00228">
  <SolutionManifest>
    <UniqueName>CMPPMAIN</UniqueName>
    <LocalizedNames>
      <LocalizedName description="CMPP MAIN" languagecode="1033" />
    </LocalizedNames>
    <Descriptions />
    <Version>1.0.0.0</Version>
    <Managed>0</Managed>
    <Publisher>
      <UniqueName>CMPP</UniqueName>
      <LocalizedNames>
        <LocalizedName description="CMPP" languagecode="1033" />
      </LocalizedNames>
      <Descriptions />
      <EMailAddress xsi:nil="true"></EMailAddress>
      <SupportingWebsiteUrl xsi:nil="true"></SupportingWebsiteUrl>
      <CustomizationPrefix>cmpp</CustomizationPrefix>
      <CustomizationOptionValuePrefix>22122</CustomizationOptionValuePrefix>
      <Addresses>
        <Address>
          <AddressNumber>1</AddressNumber>
          <AddressTypeCode>1</AddressTypeCode>
          <City xsi:nil="true"></City>
          <County xsi:nil="true"></County>
          <Country xsi:nil="true"></Country>
          <Fax xsi:nil="true"></Fax>
          <FreightTermsCode xsi:nil="true"></FreightTermsCode>
          <ImportSequenceNumber xsi:nil="true"></ImportSequenceNumber>
          <Latitude xsi:nil="true"></Latitude>
          <Line1 xsi:nil="true"></Line1>
          <Line2 xsi:nil="true"></Line2>
          <Line3 xsi:nil="true"></Line3>
          <Longitude xsi:nil="true"></Longitude>
          <Name xsi:nil="true"></Name>
          <PostalCode xsi:nil="true"></PostalCode>
          <PostOfficeBox xsi:nil="true"></PostOfficeBox>
          <PrimaryContactName xsi:nil="true"></PrimaryContactName>
          <ShippingMethodCode>1</ShippingMethodCode>
          <StateOrProvince xsi:nil="true"></StateOrProvince>
          <Telephone1 xsi:nil="true"></Telephone1>
          <Telephone2 xsi:nil="true"></Telephone2>
          <Telephone3 xsi:nil="true"></Telephone3>
          <TimeZoneRuleVersionNumber xsi:nil="true"></TimeZoneRuleVersionNumber>
          <UPSZone xsi:nil="true"></UPSZone>
          <UTCOffset xsi:nil="true"></UTCOffset>
          <UTCConversionTimeZoneCode xsi:nil="true"></UTCConversionTimeZoneCode>
        </Address>
        <Address>
          <AddressNumber>2</AddressNumber>
          <AddressTypeCode>1</AddressTypeCode>
          <City xsi:nil="true"></City>
          <County xsi:nil="true"></County>
          <Country xsi:nil="true"></Country>
          <Fax xsi:nil="true"></Fax>
          <FreightTermsCode xsi:nil="true"></FreightTermsCode>
          <ImportSequenceNumber xsi:nil="true"></ImportSequenceNumber>
          <Latitude xsi:nil="true"></Latitude>
          <Line1 xsi:nil="true"></Line1>
          <Line2 xsi:nil="true"></Line2>
          <Line3 xsi:nil="true"></Line3>
          <Longitude xsi:nil="true"></Longitude>
          <Name xsi:nil="true"></Name>
          <PostalCode xsi:nil="true"></PostalCode>
          <PostOfficeBox xsi:nil="true"></PostOfficeBox>
          <PrimaryContactName xsi:nil="true"></PrimaryContactName>
          <ShippingMethodCode>1</ShippingMethodCode>
          <StateOrProvince xsi:nil="true"></StateOrProvince>
          <Telephone1 xsi:nil="true"></Telephone1>
          <Telephone2 xsi:nil="true"></Telephone2>
          <Telephone3 xsi:nil="true"></Telephone3>
          <TimeZoneRuleVersionNumber xsi:nil="true"></TimeZoneRuleVersionNumber>
          <UPSZone xsi:nil="true"></UPSZone>
          <UTCOffset xsi:nil="true"></UTCOffset>
          <UTCConversionTimeZoneCode xsi:nil="true"></UTCConversionTimeZoneCode>
        </Address>
      </Addresses>
    </Publisher>
    <RootComponents>
      <RootComponent type="1" schemaName="cmpp_adjournmentreason" behavior="0" />
      <RootComponent type="1" schemaName="cmpp_case" behavior="0" />
      <RootComponent type="1" schemaName="cmpp_consent" behavior="0" />
      <RootComponent type="1" schemaName="cmpp_court" behavior="0" />
      <RootComponent type="1" schemaName="cmpp_importfile" behavior="0" />
      <RootComponent type="1" schemaName="cmpp_importrecords" behavior="0" />
      <RootComponent type="1" schemaName="cmpp_location" behavior="0" />
      <RootComponent type="1" schemaName="cmpp_participant" behavior="0" />
      <RootComponent type="1" schemaName="cmpp_serviceprovider" behavior="0" />
      <RootComponent type="1" schemaName="email" behavior="2" />
      <RootComponent type="1" schemaName="phonecall" behavior="1" />
      <RootComponent type="9" schemaName="cmpp_courttypeoptions" behavior="0" />
      <RootComponent type="9" schemaName="cmpp_enrollmentpathway" behavior="0" />
      <RootComponent type="9" schemaName="cmpp_reliefdecisionoptions" behavior="0" />
      <RootComponent type="9" schemaName="cmpp_reliefrypeoptions" behavior="0" />
      <RootComponent type="20" id="{19563f2c-c1b0-ef11-b8e9-001dd8305876}" behavior="0" />
      <RootComponent type="20" id="{425a0b3f-c1b0-ef11-b8e9-001dd83058e3}" behavior="0" />
      <RootComponent type="20" id="{5e2505c6-bbc3-ef11-b8e9-001dd809a88d}" behavior="0" />
      <RootComponent type="20" id="{70b28047-b5b1-ef11-b8e9-001dd83058e3}" behavior="0" />
      <RootComponent type="20" id="{8f8cd857-c1b0-ef11-b8e9-001dd83058e3}" behavior="0" />
      <RootComponent type="20" id="{e9b6eef1-beb0-ef11-b8e9-001dd8305876}" behavior="0" />
      <RootComponent type="29" id="{34e84019-64b2-ef11-b8e9-001dd83058e3}" behavior="0" />
      <RootComponent type="29" id="{86e5d403-61cc-ef11-b8e9-001dd83058e3}" behavior="0" />
      <RootComponent type="29" id="{adbf72fe-a0c3-ef11-b8e9-001dd83058e3}" behavior="0" />
      <RootComponent type="29" id="{c37242d7-ea5f-4eb3-bd98-6c9b83f0bbc7}" behavior="0" />
      <RootComponent type="36" id="{17b25190-4eb2-ef11-b8e9-001dd83058e3}" behavior="0" />
      <RootComponent type="36" id="{5ea2e2b0-54b2-ef11-b8e9-001dd83058e3}" behavior="0" />
      <RootComponent type="36" id="{931a6232-56b2-ef11-b8e9-001dd83058e3}" behavior="0" />
      <RootComponent type="36" id="{9e3bdb3e-57b2-ef11-b8e9-001dd83058e3}" behavior="0" />
      <RootComponent type="36" id="{e495f5a0-55b2-ef11-b8e9-001dd83058e3}" behavior="0" />
      <RootComponent type="60" id="{055884b3-30b7-ef11-b8e9-001dd8305876}" behavior="0" />
      <RootComponent type="60" id="{5ecc31bb-afbc-ef11-b8e9-001dd8305876}" behavior="0" />
      <RootComponent type="60" id="{77979144-9abc-ef11-b8e9-001dd8305876}" behavior="0" />
      <RootComponent type="60" id="{9f2be5e4-33b7-ef11-b8e9-001dd8305876}" behavior="0" />
      <RootComponent type="60" id="{ad0736f6-85b9-ef11-b8e9-001dd8305876}" behavior="0" />
      <RootComponent type="60" id="{bcc78030-aabc-ef11-b8e9-001dd8305876}" behavior="0" />
      <RootComponent type="61" schemaName="cmpp_/images/entity_images/cmpp_case.svg" behavior="0" />
      <RootComponent type="61" schemaName="cmpp_/images/entity_images/cmpp_location.svg" behavior="0" />
      <RootComponent type="61" schemaName="cmpp_/scripts/form_scripts/case_form.js" behavior="0" />
      <RootComponent type="61" schemaName="cmpp_/scripts/form_scripts/court_form.js" behavior="0" />
      <RootComponent type="61" schemaName="cmpp_/scripts/form_scripts/getfilename.js" behavior="0" />
      <RootComponent type="61" schemaName="cmpp_/scripts/ribbon_scripts/case_buttons.js" behavior="0" />
      <RootComponent type="61" schemaName="cmpp_consentFormScripts" behavior="0" />
      <RootComponent type="61" schemaName="cmpp_consentribbonscripts" behavior="0" />
      <RootComponent type="61" schemaName="cmpp_FileImportRibbonScript" behavior="0" />
      <RootComponent type="61" schemaName="cmpp_ImportFileScripts" behavior="0" />
      <RootComponent type="61" schemaName="cmpp_tempCaseScripts" behavior="0" />
      <RootComponent type="61" schemaName="cmpp_updatefilename" behavior="0" />
      <RootComponent type="62" schemaName="cmpp_CRCLCMPP" behavior="0" />
      <RootComponent type="80" schemaName="cmpp_CRCLCMPP" behavior="0" />
      <RootComponent type="91" id="{d69f1b60-ecd1-ef11-8eea-001dd8068d84}" schemaName="DHS.CMPP.Plugins2, Version=1.0.0.3, Culture=neutral, PublicKeyToken=5bfbe44bada18f5d" behavior="0" />
    </RootComponents>
    <MissingDependencies>
      <MissingDependency>
        <Required type="59" schemaName="Emails by Month Due" displayName="Emails by Month Due" parentSchemaName="email" parentDisplayName="Email" solution="msdynce_AppCommon (9.0.4.0066)" id="{1ec1872a-23de-4294-9d7f-1b76272a5fd5}">
          <package>msdynce_AppCommonAnchor (9.0.24093.10001)</package>
        </Required>
        <Dependent type="60" displayName="Information" parentDisplayName="Case" id="{181d3950-9439-4710-9038-7837e5d1cc03}" />
      </MissingDependency>
      <MissingDependency>
        <Required type="59" schemaName="Emails by Month Due" displayName="Emails by Month Due" parentSchemaName="email" parentDisplayName="Email" solution="msdynce_AppCommon (9.0.4.0066)" id="{1ec1872a-23de-4294-9d7f-1b76272a5fd5}">
          <package>msdynce_AppCommonAnchor (9.0.24093.10001)</package>
        </Required>
        <Dependent type="60" displayName="Information" parentDisplayName="Consent" id="{cadbb941-5189-4c73-a514-63c97841fe4c}" />
      </MissingDependency>
      <MissingDependency>
        <Required type="59" schemaName="Phone Calls by Month Due" displayName="Phone Calls by Month Due" parentSchemaName="phonecall" parentDisplayName="Call Record" solution="msdynce_AppCommon (9.0.4.0066)" id="{399945c7-d07f-444e-9e54-d5fa4042290c}">
          <package>msdynce_AppCommonAnchor (9.0.24093.10001)</package>
        </Required>
        <Dependent type="60" displayName="Information" parentDisplayName="Case" id="{181d3950-9439-4710-9038-7837e5d1cc03}" />
      </MissingDependency>
      <MissingDependency>
        <Required type="60" displayName="Phone call quick create form." parentDisplayName="Call Record" solution="msdynce_Activities (9.0.1.2033)" id="{a80fb36c-353f-4310-a4cb-b8fa47d58b9b}">
          <package>msdynce_EnableUCIByDefault (9.0.24105.241031000)</package>
        </Required>
        <Dependent type="60" displayName="Phone call quick create form." parentDisplayName="Call Record" id="{a80fb36c-353f-4310-a4cb-b8fa47d58b9b}" />
      </MissingDependency>
      <MissingDependency>
        <Required type="60" displayName="Phone Call" parentDisplayName="Call Record" solution="msdynce_Activities (9.0.1.2033)" id="{a91390a5-99bb-4d10-9eee-3a5c87f841f1}">
          <package>msdynce_EnableUCIByDefault (9.0.24105.241031000)</package>
        </Required>
        <Dependent type="60" displayName="Phone Call" parentDisplayName="Call Record" id="{a91390a5-99bb-4d10-9eee-3a5c87f841f1}" />
      </MissingDependency>
      <MissingDependency>
        <Required type="61" schemaName="Activities/SystemLibraries/PhoneCall_main_system_library.js" displayName="Activities/SystemLibraries/PhoneCall_main_system_library.js" solution="msdynce_Activities (9.0.1.2033)">
          <package>msdynce_EnableUCIByDefault (9.0.24105.241031000)</package>
        </Required>
        <Dependent type="60" displayName="Phone Call" parentDisplayName="Call Record" id="{a91390a5-99bb-4d10-9eee-3a5c87f841f1}" />
      </MissingDependency>
      <MissingDependency>
        <Required type="61" schemaName="msdyn_/Images/AppModule_Default_Icon.png" displayName="msdyn_/Images/AppModule_Default_Icon.png" solution="AppModuleWebResources (2.5)" />
        <Dependent type="80" schemaName="cmpp_CRCLCMPP" displayName="CRCL CMPP" />
      </MissingDependency>
      <MissingDependency>
        <Required type="66" schemaName="MscrmControls.FieldControls.ToggleControl" displayName="MscrmControls.FieldControls.ToggleControl" solution="BaseCustomControlsCore (9.0.2411.2024)">
          <package>BaseCustomControlsCore (9.0.2411.2024)</package>
        </Required>
        <Dependent type="60" displayName="Information" parentDisplayName="File Import" id="{0218cb50-eb85-43ca-ad82-0b738610ce8f}" />
      </MissingDependency>
      <MissingDependency>
        <Required type="66" schemaName="MscrmControls.FieldControls.ToggleControl" displayName="MscrmControls.FieldControls.ToggleControl" solution="BaseCustomControlsCore (9.0.2411.2024)">
          <package>BaseCustomControlsCore (9.0.2411.2024)</package>
        </Required>
        <Dependent type="60" displayName="Information" parentDisplayName="Case" id="{181d3950-9439-4710-9038-7837e5d1cc03}" />
      </MissingDependency>
      <MissingDependency>
        <Required type="66" schemaName="MscrmControls.FieldControls.ToggleControl" displayName="MscrmControls.FieldControls.ToggleControl" solution="BaseCustomControlsCore (9.0.2411.2024)">
          <package>BaseCustomControlsCore (9.0.2411.2024)</package>
        </Required>
        <Dependent type="60" displayName="Information" parentDisplayName="Case Status" id="{a46a3d58-1564-4ab2-82fd-becfb52ed433}" />
      </MissingDependency>
      <MissingDependency>
        <Required type="66" schemaName="MscrmControls.Grid.GridControl" displayName="MscrmControls.Grid.GridControl" solution="BaseCustomControlsCore (9.0.2411.2024)">
          <package>BaseCustomControlsCore (9.0.2411.2024)</package>
        </Required>
        <Dependent type="60" displayName="Information" parentDisplayName="File Import" id="{0218cb50-eb85-43ca-ad82-0b738610ce8f}" />
      </MissingDependency>
      <MissingDependency>
        <Required type="66" schemaName="pl_pcx.ProLinkIFrame" displayName="pl_pcx.ProLinkIFrame" solution="ProLink (1.8.0.4)" />
        <Dependent type="60" displayName="Information" parentDisplayName="Case" id="{181d3950-9439-4710-9038-7837e5d1cc03}" />
      </MissingDependency>
      <MissingDependency>
        <Required type="66" schemaName="PowerApps.CoreControls.Checkbox" displayName="PowerApps.CoreControls.Checkbox" solution="BaseCustomControlsCore (9.0.2411.2024)">
          <package>BaseCustomControlsCore (9.0.2411.2024)</package>
        </Required>
        <Dependent type="60" displayName="Information" parentDisplayName="Case" id="{181d3950-9439-4710-9038-7837e5d1cc03}" />
      </MissingDependency>
      <MissingDependency>
        <Required type="SettingDefinition" displayName="AppChannel" solution="msdyn_AppFrameworkInfraExtensions (1.0.0.12)" id.uniquename="AppChannel">
          <package>PowerAppsAppFramework_Anchor (1.0.0.16)</package>
        </Required>
        <Dependent type="AppSetting" displayName="parentappmoduleid.uniquename=cmpp_CRCLCMPP,settingdefinitionid.uniquename=AppChannel" id.parentappmoduleid.uniquename="cmpp_CRCLCMPP" id.settingdefinitionid.uniquename="AppChannel" />
      </MissingDependency>
    </MissingDependencies>
  </SolutionManifest>
</ImportExportXml>