<ImportExportXml xmlns:xsi="http://www.w3.org/2001/XMLSchema-instance" OrganizationVersion="9.2.24112.228" OrganizationSchemaType="Full" CRMServerServiceabilityVersion="9.2.24112.00228">
  <Entities>
    <Entity>
      <Name LocalizedName="Case" OriginalName="Case">cmpp_case</Name>
      <EntityInfo>
        <entity Name="cmpp_case" unmodified="1">
          <attributes />
        </entity>
      </EntityInfo>
      <RibbonDiffXml>
        <CustomActions>
          <CustomAction Id="cmpp.cmpp_case.optout.button.CustomAction" Location="Mscrm.Form.cmpp_case.MainTab.Save.Controls._children" Sequence="45">
            <CommandUIDefinition>
              <Button Command="cmpp.cmpp_case.optout.command" Id="cmpp.cmpp_case.optout.button" LabelText="$LocLabels:cmpp.cmpp_case.optout.button.LabelText" Sequence="45" TemplateAlias="o2" />
            </CommandUIDefinition>
          </CustomAction>
          <CustomAction Id="cmpp.cmpp_ConsentAction.Button.CustomAction" Location="Mscrm.Form.cmpp_case.MainTab.Save.Controls._children" Sequence="42">
            <CommandUIDefinition>
              <SplitButton Command="Mscrm.Enabled" Id="cmpp.cmpp_ConsentAction.Button" LabelText="$LocLabels:cmpp.cmpp_ConsentAction.Button.LabelText" Sequence="42" TemplateAlias="o2">
                <Menu Id="cmpp.cmpp_ConsentAction.Button.Menu">
                  <MenuSection Id="cmpp.cmpp_case.Selections.Section" Title="$LocLabels:cmpp.cmpp_case.Selections.Section.Title" Sequence="5" DisplayMode="Menu16">
                    <Controls Id="cmpp.cmpp_case.Selections.Section.Controls">
                      <Button Command="cmpp.cmpp_case.ExportConsent.Command" Id="cmpp.cmpp_ExportPdfDoc.Button" LabelText="$LocLabels:cmpp.cmpp_ExportPdfDoc.Button.LabelText" Sequence="10" />
                      <Button Command="cmpp.cmpp_case.EmailConsentForm.Command" Id="cmpp.cmpp_case.Button5.Button" LabelText="$LocLabels:cmpp.cmpp_case.Button5.Button.LabelText" Sequence="15" />
                    </Controls>
                  </MenuSection>
                </Menu>
              </SplitButton>
            </CommandUIDefinition>
          </CustomAction>
        </CustomActions>
        <Templates>
          <RibbonTemplates Id="Mscrm.Templates"></RibbonTemplates>
        </Templates>
        <CommandDefinitions>
          <CommandDefinition Id="cmpp.cmpp_case.EmailConsentForm.Command">
            <EnableRules>
              <EnableRule Id="cmpp.cmpp_case.ExportConsent.EnableRule" />
            </EnableRules>
            <DisplayRules>
              <DisplayRule Id="cmpp.cmpp_case.ExportConsent.DisplayRule" />
            </DisplayRules>
            <Actions>
              <JavaScriptFunction FunctionName="SendConsentFormButtonClicked" Library="$webresource:cmpp_/scripts/ribbon_scripts/case_buttons.js">
                <CrmParameter Value="PrimaryControl" />
              </JavaScriptFunction>
            </Actions>
          </CommandDefinition>
          <CommandDefinition Id="cmpp.cmpp_case.ExportConsent.Command">
            <EnableRules>
              <EnableRule Id="cmpp.cmpp_case.ExportConsent.EnableRule" />
            </EnableRules>
            <DisplayRules>
              <DisplayRule Id="cmpp.cmpp_case.ExportConsent.DisplayRule" />
            </DisplayRules>
            <Actions>
              <JavaScriptFunction FunctionName="exportPdfDocument" Library="$webresource:cmpp_/scripts/ribbon_scripts/case_buttons.js">
                <CrmParameter Value="PrimaryControl" />
              </JavaScriptFunction>
            </Actions>
          </CommandDefinition>
          <CommandDefinition Id="cmpp.cmpp_case.optout.command">
            <EnableRules>
              <EnableRule Id="cmpp.cmpp_case.optout.enablerule" />
            </EnableRules>
            <DisplayRules>
              <DisplayRule Id="cmpp.cmpp_case.optout.displayrule" />
            </DisplayRules>
            <Actions>
              <JavaScriptFunction FunctionName="setParticipantOptOut" Library="$webresource:cmpp_/scripts/ribbon_scripts/case_buttons.js">
                <CrmParameter Value="PrimaryControl" />
              </JavaScriptFunction>
            </Actions>
          </CommandDefinition>
        </CommandDefinitions>
        <RuleDefinitions>
          <TabDisplayRules />
          <DisplayRules>
            <DisplayRule Id="cmpp.cmpp_case.ExportConsent.DisplayRule">
              <FormStateRule State="Existing" Default="false" />
            </DisplayRule>
            <DisplayRule Id="cmpp.cmpp_case.optout.displayrule">
              <FormStateRule State="Existing" Default="false" />
            </DisplayRule>
          </DisplayRules>
          <EnableRules>
            <EnableRule Id="cmpp.cmpp_case.ExportConsent.EnableRule">
              <RecordPrivilegeRule PrivilegeType="Write" Default="false" />
            </EnableRule>
            <EnableRule Id="cmpp.cmpp_case.optout.enablerule">
              <RecordPrivilegeRule PrivilegeType="Write" Default="false" />
            </EnableRule>
          </EnableRules>
        </RuleDefinitions>
        <LocLabels>
          <LocLabel Id="cmpp.cmpp_case.Button5.Button.LabelText">
            <Titles>
              <Title description="Email Consent Form" languagecode="1033" />
            </Titles>
          </LocLabel>
          <LocLabel Id="cmpp.cmpp_case.optout.button.LabelText">
            <Titles>
              <Title description="Opt-Out Options" languagecode="1033" />
            </Titles>
          </LocLabel>
          <LocLabel Id="cmpp.cmpp_case.Selections.Section.Title">
            <Titles>
              <Title description="Select" languagecode="1033" />
            </Titles>
          </LocLabel>
          <LocLabel Id="cmpp.cmpp_ConsentAction.Button.LabelText">
            <Titles>
              <Title description="Consent Actions" languagecode="1033" />
            </Titles>
          </LocLabel>
          <LocLabel Id="cmpp.cmpp_ExportPdfDoc.Button.LabelText">
            <Titles>
              <Title description="Export PDF Form" languagecode="1033" />
            </Titles>
          </LocLabel>
        </LocLabels>
      </RibbonDiffXml>
    </Entity>
  </Entities>
  <Roles></Roles>
  <Workflows></Workflows>
  <FieldSecurityProfiles></FieldSecurityProfiles>
  <Templates />
  <EntityMaps />
  <EntityRelationships />
  <OrganizationSettings />
  <optionsets />
  <CustomControls />
  <EntityDataProviders />
  <Languages>
    <Language>1033</Language>
  </Languages>
</ImportExportXml>